,Reactor_Type,Fuel_Enrichment,Core_Diameter,Core_Height,Number_of_Fuel_Assemblies,Fuel_Linear_Heat_Generation_Rate,Control_Rod_Assemblies,Coolant_Pressure,Outlet_Temperature,Thermal_Power,Gross_Electrical_Power
ATUCHA-1,PHWR,0.0085,4.51,5.3,250,23.22,29,11.5,303.3,1179,362
ATUCHA-2,PHWR,0.0072,6.06,5.3,451,23.2,18,4.2,312.3,2160,745
EMBALSE,PHWR,0.007,6.28,5.94,4560,24.75,28,10.2,312,2064,656
ARMENIAN-2,PWR,NA,2.88,2.5,349,13.1,37,12.5,295.8,1375,448
BELARUSIAN-1,PWR,NA,3.16,3.73,163,16.87,121,16.2,328.6,3200,1194
BELARUSIAN-2,PWR,NA,3.16,3.73,163,16.87,121,16.2,328.6,3200,1194
DOEL-1,PWR,NA,2.46,2.44,121,22.22,21,15.73,315.08,1311,454
DOEL-2,PWR,NA,2.46,2.44,121,22.22,21,15.73,315.08,1311,454
DOEL-4,PWR,NA,3.04,4.27,157,16.47,28,15.73,315.08,2988,1090
TIHANGE-1,PWR,0.046,3.04,3.66,157,23.8,48,15.41,321,2873,1009
TIHANGE-2,PWR,0.0435,3.04,3.66,157,17.85,32,15.52,324.7,3064,1055
TIHANGE-3,PWR,0.0435,3.04,3.66,157,16.47,28,15.52,330.3,3000,1089
ANGRA-1,PWR,0.04,2.47,3.66,121,17.6,21,15.71,323,1882,640
ANGRA-2,PWR,0.045,3.61,3.9,193,20.79,61,15.9,326,3764,1350
KOZLODUY-5,PWR,0.0423,3.16,3.55,163,17.3,61,16,320,3120,1040
KOZLODUY-6,PWR,0.0425,3.16,3.55,163,17.3,61,16,320,3120,1040
BRUCE-1,PHWR,NA,5.67,5.94,6240,24.5,4,9.36,300,2620,868
BRUCE-2,PHWR,NA,5.67,5.94,6240,24.5,4,9.36,300,2620,836
BRUCE-3,PHWR,NA,5.67,5.94,6240,24.5,4,9.36,300,2550,865
BRUCE-4,PHWR,NA,5.67,5.94,6240,24.5,4,9.36,300,2550,868
BRUCE-5,PHWR,NA,5.67,5.94,6240,24.5,24,9.49,305,2832,872
BRUCE-6,PHWR,NA,5.67,5.94,6240,24.5,24,9.49,305,2690,891
BRUCE-7,PHWR,NA,5.67,5.94,6240,24.5,24,9.49,305,2832,872
BRUCE-8,PHWR,NA,5.67,5.94,6240,24.5,24,9.49,305,2690,872
DARLINGTON-1,PHWR,0.0072,7.068,6.06,6240,24,24,10,310,2776,934
DARLINGTON-2,PHWR,0.0072,7.068,6.06,6240,24,24,10,310,2776,934
DARLINGTON-3,PHWR,0.0072,7.068,6.06,6240,24,24,10,310,2776,934
DARLINGTON-4,PHWR,0.0072,7.068,6.06,6240,24,24,10,310,2776,934
PICKERING-1,PHWR,NA,5.94,5.94,4680,26.6,6,9,293,1744,542
PICKERING-4,PHWR,NA,5.94,5.94,4560,26.6,6,9,293,1744,542
PICKERING-5,PHWR,NA,5.94,5.94,4560,27.3,21,9,293.4,1744,540
PICKERING-6,PHWR,NA,5.94,5.94,4560,27.3,21,9,293.4,1744,540
PICKERING-7,PHWR,NA,5.94,5.94,4560,27.3,21,9,293.4,1744,540
PICKERING-8,PHWR,NA,5.94,5.94,4560,27.3,21,9,293.4,1744,540
POINT LEPREAU,PHWR,NA,6.28,5.94,4560,59.5,21,11.55,310,2180,705
CHANGJIANG-1,PWR,0.0253,2.67,3.66,121,16.09,33,15.5,326.6,1930,650
CHANGJIANG-2,PWR,0.0253,2.67,3.66,121,16.09,33,15.5,326.6,1930,650
DAYA BAY-1,PWR,0.0445,3.04,3.66,157,18.6,61,15.81,327.6,2905,984
DAYA BAY-2,PWR,0.0445,3.04,3.66,157,18.6,61,15.81,327.6,2905,984
FANGCHENGGANG-1,PWR,0.0243,3.04,3.66,157,18.6,61,15.5,327.6,2905,1086
FANGCHENGGANG-2,PWR,0.0243,3.04,3.66,157,18.6,61,15.5,327.6,2905,1086
FANGCHENGGANG-3,PWR,0.0445,3.23,3.66,177,17.9,68,15.5,324.5,3150,1180
FANGJIASHAN-1,PWR,0.024,3.04,3.66,157,18.6,61,15.5,327.6,2905,1089
FANGJIASHAN-2,PWR,0.024,3.04,3.66,157,18.6,61,15.5,327.6,2905,1089
FUQING-1,PWR,0.024,3.04,3.66,157,18.6,61,15.5,327.6,2905,1089
FUQING-2,PWR,0.024,3.04,3.66,157,18.6,61,15.5,327.6,2905,1089
FUQING-3,PWR,0.024,3.04,3.66,157,18.6,61,15.5,327.6,2905,1089
FUQING-4,PWR,0.024,3.04,3.66,157,18.6,61,15.5,327.6,2905,1089
FUQING-5,PWR,0.0445,3.328,3.567,177,18.12,69,15.5,327.9,3050,1161
FUQING-6,PWR,0.024,3.228,3.66,177,17.38,61,15.5,328.5,3060,1150
HAIYANG-1,PWR,0.027239,3.04,4.2672,157,18.76,69,15.513,321.11,3415,1250
HAIYANG-2,PWR,0.027239,3.04,4.2672,157,18.76,69,15.513,321.11,3415,1250
HONGYANHE-1,PWR,0.0243,3.04,3.66,157,18.6,61,15.5,327.6,2905,1119
HONGYANHE-2,PWR,0.0243,3.04,3.66,157,18.6,61,15.5,327.6,2905,1119
HONGYANHE-3,PWR,0.0243,3.04,3.66,157,18.6,61,15.5,327.6,2905,1119
HONGYANHE-4,PWR,0.0243,3.04,3.66,157,18.6,61,15.5,327.6,2905,1119
HONGYANHE-5,NA,NA,NA,NA,NA,NA,NA,NA,NA,NA,NA
HONGYANHE-6,NA,NA,NA,NA,NA,NA,NA,NA,NA,NA,NA
LING AO-1,PWR,0.0445,3.04,3.66,157,18.6,61,15.81,327.6,2905,990
LING AO-2,PWR,0.0445,3.04,3.66,157,18.6,61,15.81,327.6,2905,990
LING AO-3,PWR,0.032,3.04,3.66,157,18.6,61,15.81,327.6,2905,1086
LING AO-4,PWR,0.032,3.04,3.66,157,18.6,61,15.81,327.6,2905,1086
NINGDE-1,PWR,0.0243,3.04,3.66,157,18.6,61,15.5,327.6,2905,1089
NINGDE-2,PWR,0.0243,3.04,3.66,157,18.6,61,15.5,327.6,2905,1089
NINGDE-3,PWR,0.0243,3.04,3.66,157,18.6,61,15.5,327.6,2905,1089
NINGDE-4,PWR,0.0243,3.04,3.66,157,18.6,61,15.5,327.6,2905,1089
QINSHAN 2-1,PWR,0.0325,2.67,3.6576,121,16.09,33,15.5,315.2,1930,650
QINSHAN 2-2,PWR,0.0325,2.67,3.6576,121,16.09,33,15.5,315.2,1930,650
QINSHAN 2-3,PWR,0.0325,2.67,3.6576,121,16.09,33,15.5,315.2,1930,650
QINSHAN 2-4,PWR,0.0325,2.67,3.6576,121,16.09,33,15.5,315.2,1930,650
QINSHAN 3-1,PHWR,0.0071,6.28,5.94,4560,25.35,21,9.89,310,2064,728
QINSHAN 3-2,PHWR,0.0071,6.28,5.94,4560,25.35,21,9.89,310,2064,728
QINSHAN-1,PWR,0.034,2.486,2.9,121,13.5,37,15.2,308.5,966,330
SANMEN-1,PWR,0.027239,3.04,4.267,157,18.77,69,15.4,321,3400,1251
SANMEN-2,PWR,0.027239,3.04,4.267,157,18.77,69,15.4,321,3400,1251
TAISHAN-1,PWR,0.0298,3.657,4.2,241,16.6,89,15.5,329.9,4590,1750
TAISHAN-2,PWR,0.0298,3.657,4.2,241,16.6,89,15.5,329.9,4590,1750
TIANWAN-1,PWR,NA,3.16,NA,163,NA,103,15.7,321,3000,1060
TIANWAN-2,PWR,NA,3.16,3.68,163,NA,103,15.7,321,3000,1060
TIANWAN-3,PWR,NA,3.16,NA,163,NA,103,15.7,321,3000,1126
TIANWAN-4,PWR,NA,3.16,NA,163,NA,103,15.7,321,3000,1126
TIANWAN-5,PWR,0.032,3.04,3.66,157,18.6,61,15.5,329.8,2905,1118
TIANWAN-6,PWR,0.032,3.04,3.66,157,18.6,61,15.5,329.8,2905,1118
YANGJIANG-1,PWR,0.0445,3.04,3.66,157,18.6,61,15.5,328.4,2905,1086
YANGJIANG-2,PWR,0.0445,3.04,3.66,157,18.6,61,15.5,328.4,2905,1086
YANGJIANG-3,PWR,0.0445,3.04,3.66,157,18.6,61,15.5,328.4,2905,1086
YANGJIANG-4,PWR,0.0445,3.04,3.66,157,18.6,61,15.5,328.4,2905,1086
YANGJIANG-5,PWR,NA,NA,NA,NA,NA,NA,NA,NA,2905,1086
YANGJIANG-6,PWR,0.0445,3.04,3.66,157,18.6,61,15.5,328.4,2905,1086
DUKOVANY-1,PWR,0.043,2.88,2.5,349,13.1,37,12.26,297,1444,500
DUKOVANY-2,PWR,0.043,2.88,2.5,349,13.1,37,12.26,297,1444,500
DUKOVANY-3,PWR,0.043,2.88,2.5,349,13.1,37,12.26,297,1444,500
DUKOVANY-4,PWR,0.043,2.88,2.5,349,13.1,37,12.26,297,1444,500
TEMELIN-1,PWR,0.036,3.16,3.63,163,16.3,61,15.7,318,3120,1082
TEMELIN-2,PWR,0.036,3.16,3.63,163,16.3,61,15.7,318,3120,1082
LOVIISA-1,PWR,0.043,2.73,2.42,313,15.7,37,12.25,300,1500,531
LOVIISA-2,PWR,0.043,2.73,2.42,313,15.7,37,12.25,300,1500,531
OLKILUOTO-1,BWR,0.0385,3.88,3.68,500,16.3,121,7.12,286,2500,920
OLKILUOTO-2,BWR,0.0366,4,3.68,500,15,121,7.12,286,2500,920
OLKILUOTO-3,BWR,0.0254,3.77,4.2,241,NA,89,15.5,312,4300,1660
BELLEVILLE-1,PWR,NA,3.37,4.25,193,17.5,53,15.8,328.7,3817,1363
BELLEVILLE-2,PWR,NA,3.37,4.25,193,17.5,53,15.8,328.7,3817,1363
BLAYAIS-1,PWR,NA,3.04,3.66,157,17.8,28,15.8,323,2785,951
BLAYAIS-2,PWR,NA,3.44,3.66,157,17.8,28,15.8,323,2785,951
BLAYAIS-3,PWR,NA,3.44,3.66,157,17.8,28,15.8,323,2785,951
BLAYAIS-4,PWR,NA,3.44,3.66,157,17.8,28,15.8,323,2785,951
BUGEY-2,PWR,NA,3.04,3.66,157,17.8,48,15.8,321,2785,945
BUGEY-3,PWR,NA,3.04,3.66,157,17.8,48,15.8,321,2785,945
BUGEY-4,PWR,NA,3.04,3.66,157,17.8,48,15.8,321,2785,917
BUGEY-5,PWR,NA,3.04,3.66,157,17.8,48,15.8,321,2785,917
CATTENOM-1,PWR,NA,3.37,4.267,193,17.2,53,15.8,328.7,3817,1362
CATTENOM-2,PWR,NA,3.37,4.267,193,17.2,53,15.8,328.7,3817,1362
CATTENOM-3,PWR,NA,3.37,4.267,193,17.2,53,15.8,328.7,3817,1362
CATTENOM-4,PWR,NA,3.37,4.267,193,17.2,53,15.8,328.7,3817,1362
CHINON B-1,PWR,NA,3.04,3.66,157,17.8,38,15.4,321,2785,954
CHINON B-2,PWR,NA,3.04,3.66,157,17.8,38,15.4,321,2785,954
CHINON B-3,PWR,NA,3.04,3.66,157,17.8,38,15.4,321,2785,954
CHINON B-4,PWR,NA,3.04,3.66,157,17.8,38,15.4,321,2785,954
CHOOZ B-1,PWR,NA,3.47,4.267,205,17.92,25,15.5,329.5,4270,1560
CHOOZ B-2,PWR,NA,3.47,4.267,205,17.92,25,15.5,329.5,4270,1560
CIVAUX-1,PWR,NA,3.47,4.267,205,17,53,15.5,329.5,4270,1561
CIVAUX-2,PWR,NA,3.47,4.267,205,17,53,15.5,329.5,4270,1561
CRUAS-1,PWR,NA,3.04,3.66,157,17.8,41,15.8,321,2785,956
CRUAS-2,PWR,NA,3.04,3.66,157,17.8,41,15.8,321,2785,956
CRUAS-3,PWR,NA,3.04,3.66,157,17.8,41,15.8,321,2785,956
CRUAS-4,PWR,NA,3.04,3.66,157,17.8,41,15.8,321,2785,956
DAMPIERRE-1,PWR,NA,3.04,3.66,157,17.8,41,15.8,321,2785,937
DAMPIERRE-2,PWR,NA,3.04,3.66,157,17.8,41,15.8,321,2785,937
DAMPIERRE-3,PWR,NA,3.04,3.66,157,17.8,41,15.8,321,2785,937
DAMPIERRE-4,PWR,NA,3.04,3.66,157,17.8,41,15.8,321,2785,937
FLAMANVILLE-1,PWR,NA,3.37,4.267,193,17.2,53,15.8,328.7,3817,1382
FLAMANVILLE-2,PWR,NA,3.37,4.267,193,17.2,53,15.8,328.7,3817,1382
GOLFECH-1,PWR,NA,3.37,4.267,193,17.5,53,15.8,328.7,3817,1363
GOLFECH-2,PWR,NA,3.37,4.267,193,17.5,53,15.8,328.7,3817,1363
GRAVELINES-1,PWR,NA,3.04,3.66,157,17.8,41,15.8,321,2785,951
GRAVELINES-2,PWR,NA,3.04,3.66,157,17.8,41,15.8,321,2785,951
GRAVELINES-3,PWR,NA,3.04,3.66,157,17.8,45,15.8,321,2785,951
GRAVELINES-4,PWR,NA,3.04,3.66,157,17.8,45,15.8,321,2785,951
GRAVELINES-5,PWR,NA,3.04,3.66,157,17.85,36,15.8,321,2785,951
GRAVELINES-6,PWR,NA,3.04,3.66,157,17.85,36,15.8,321,2785,951
NOGENT-1,PWR,NA,3.37,4.267,193,17.5,53,15.5,328.7,3817,1363
NOGENT-2,PWR,NA,3.37,4.267,193,17.5,53,15.5,328.7,3817,1363
PALUEL-1,PWR,NA,3.37,4.267,193,17.2,53,15.5,328.7,3817,1382
PALUEL-2,PWR,NA,3.37,4.267,193,17.2,53,15.5,328.7,3817,1382
PALUEL-3,PWR,NA,3.37,4.267,193,17.2,53,15.5,328.7,3817,1382
PALUEL-4,PWR,NA,3.37,4.267,193,17.2,53,15.5,328.7,3817,1382
PENLY-1,PWR,NA,3.37,4.267,193,17.2,53,15.5,328.7,3817,1382
PENLY-2,PWR,NA,3.37,4.267,193,17.2,53,15.5,328.7,3817,1382
ST. ALBAN-1,PWR,NA,3.37,4.267,193,17.2,NA,15.5,328.3,3817,1381
ST. ALBAN-2,PWR,NA,3.37,4.267,193,17.2,NA,15.5,328.3,3817,1381
ST. LAURENT B-1,PWR,NA,3.04,3.66,157,17.8,41,15.8,321,2785,956
ST. LAURENT B-2,PWR,NA,3.04,3.66,157,17.8,41,15.8,321,2785,956
TRICASTIN-1,PWR,NA,3.04,3.66,157,17.8,45,15.8,321,2785,955
TRICASTIN-2,PWR,NA,3.04,3.66,157,17.8,45,15.8,321,2785,955
TRICASTIN-3,PWR,NA,3.04,3.66,157,17.8,45,15.8,321,2785,955
TRICASTIN-4,PWR,NA,3.04,3.66,157,17.8,45,15.8,321,2785,955
EMSLAND,PWR,0.032,3.6,3.9,193,16.4,61,15.8,326,3850,1406
ISAR-2,PWR,0.032,3.6,3.9,193,16.4,61,15.8,328,3950,1485
NECKARWESTHEIM-2,PWR,0.032,3.6,3.9,193,16.4,61,15.8,325.6,3850,1400
PAKS-1,PWR,0.036,2.88,2.42,349,13.1,37,12.5,297,1485,509
PAKS-2,PWR,0.0382,2.88,2.42,349,13.1,37,12.5,297,1485,506
PAKS-3,PWR,0.0382,2.88,2.42,349,13.1,37,12.5,297,1485,506
PAKS-4,PWR,0.0382,2.88,2.42,349,13.1,37,12.5,297,1485,506
KAIGA-1,PHWR,NA,4.5,5,3672,35.3,4,8.7,293,801,220
KAIGA-2,PHWR,NA,4.5,5,3672,35.3,4,8.7,293,801,220
KAIGA-3,PHWR,NA,NA,NA,NA,NA,NA,1.5,NA,800,220
KAIGA-4,PHWR,NA,NA,NA,NA,NA,NA,1.05,NA,800,220
KAKRAPAR-1,PHWR,NA,4.5,5,3672,29.57,4,8.7,293,801,220
KAKRAPAR-2,PHWR,NA,4.5,5,3672,29.57,4,8.7,293,801,220
KAKRAPAR-3,PHWR,NA,NA,NA,NA,NA,NA,NA,NA,2166,700
KUDANKULAM-1,PWR,NA,3.16,3.53,163,17.6,121,2.7,321,3000,1000
KUDANKULAM-2,PWR,NA,3.16,3.53,163,17.6,121,1.27,320.1,3000,1000
MADRAS-2,PHWR,NA,4.5,5,3672,35.3,NA,8.5,293,801,220
NARORA-1,PHWR,NA,4.5,5,3672,35.3,4,8.7,293.4,801,220
NARORA-2,PHWR,NA,4.5,5,3672,35.3,4,8.7,293.4,801,220
RAJASTHAN-2,PHWR,NA,4.5,5,3672,35.3,NA,2,11.6,693,200
RAJASTHAN-3,PHWR,NA,4.5,5,3672,35.3,4,8.7,293,801,220
RAJASTHAN-4,PHWR,NA,4.5,5,3672,20.6,4,8.7,293,801,220
RAJASTHAN-5,PHWR,NA,6.38,5.94,5096,20.18,4,1.034,293,801,220
RAJASTHAN-6,PHWR,NA,6.38,5.94,5096,20.18,4,0.991,293,801,220
TARAPUR-3,PHWR,NA,6.38,5.94,5096,20.18,4,0.7,304,1730,540
TARAPUR-4,PHWR,NA,6.38,5.94,5096,20.18,4,11.6,304,1730,540
BUSHEHR-1,PWR,0.0245,3.16,3.53,163,16.67,103,15.7,321,3000,1000
GENKAI-3,PWR,0.041,3.37,3.66,193,17.9,53,15.4,325,3423,1180
GENKAI-4,PWR,0.041,3.37,3.66,193,17.9,53,15.4,325,3423,1180
IKATA-3,PWR,0.048,3.04,3.66,157,17.1,48,15.4,321,2660,890
MIHAMA-3,PWR,0.04,3.04,3.64,157,20.3,48,15.7,323,2440,826
OHI-3,PWR,0.041,3.37,3.66,193,17.9,53,15.7,325,3423,1180
OHI-4,PWR,0.041,3.37,3.66,193,17.9,53,15.7,325,3423,1180
SENDAI-1,PWR,0.048,3.04,3.66,157,17.1,48,15.4,321,2660,890
SENDAI-2,PWR,0.048,3.04,3.66,157,17.1,48,15.4,321,2660,890
TAKAHAMA-1,PWR,0.04,3.04,3.64,157,20.3,48,15.7,323,2440,826
TAKAHAMA-2,PWR,0.04,3.04,3.64,157,20.3,48,15.7,323,2440,826
TAKAHAMA-3,PWR,0.041,3.04,3.66,157,17.1,48,15.7,321,2660,870
TAKAHAMA-4,PWR,0.041,3.04,3.66,157,17.1,48,15.7,321,2660,870
HANBIT-1,PWR,0.0465,3.04,3.658,157,17.83,28,15.4,326,2787,1025
HANBIT-2,PWR,0.0465,3.04,3.658,157,17.83,28,15.4,326,2787,1024
HANBIT-3,PWR,0.042,3.124,3.81,177,17.26,73,15.5,327.3,2825,1041
HANBIT-4,PWR,0.042,3.124,3.81,177,17.26,73,15.5,327.3,2825,1041
HANBIT-5,PWR,0.04,3.124,3.81,177,19.68,73,15.5,327.3,2825,1051
HANBIT-6,PWR,0.04,3.124,3.81,177,19.68,73,15.5,327.3,2825,1053
HANUL-1,PWR,0.04,3.04,3.66,157,17.83,48,15.4,323.2,2775,1014
HANUL-2,PWR,0.04,3.04,3.66,157,17.83,48,15.4,323.2,2775,1011
HANUL-3,PWR,0.04,3.122,3.81,177,17.24,73,15.5,327.3,2825,1051
HANUL-4,PWR,0.04,3.122,3.81,177,17.24,73,15.52502,327.3,2825,1052
HANUL-5,PWR,0.05,3.12,3.81,177,17.69,180,15.5,327.3,2825,1049
HANUL-6,PWR,0.05,3.124,3.81,177,19.68,180,15.5,327.3,2825,1049
KORI-2,PWR,0.045,2.46,3.658,121,18.04,33,15.5,324.5,1882,681
KORI-3,PWR,0.045,3.04,3.658,151,17.83,28,15.4,326,2912,1046
KORI-4,PWR,0.045,3.04,3.658,151,17.83,28,15.2,326,2912,1046
SAEUL-1,PWR,0.0266,3.647,3.81,241,18.38,93,15.5,323.9,3983,1488
SAEUL-2,PWR,0.0266,3.647,3.81,241,18.38,93,15.5,323.9,3983,1491
SHIN-HANUL-1,PWR,0.0266,3.647,3.81,241,18.38,93,15.5,323.9,3983,1455
SHIN-HANUL-2,PWR,0.0266,3.647,3.81,241,18.38,93,15.5,323.9,3983,1455
SHIN-KORI-1,PWR,0.039,3.81,3.124,177,17.69,180,17.237,327.3,2825,1048
SHIN-KORI-2,PWR,0.039,3.81,3.124,177,17.69,180,17.237,327.3,2825,1047
SHIN-WOLSONG-1,PWR,0.039,3.81,3.124,177,17.69,180,17.237,327.3,2825,1048
SHIN-WOLSONG-2,PWR,0.039,3.81,3.124,177,17.69,NA,17.237,327.3,2825,1048
WOLSONG-2,PHWR,0.0072,7.69,5.94,4560,0.1615,21,10.5,310,2061,599
WOLSONG-3,PHWR,0.0071,7.69,5.94,4560,0.1615,21,10.5,310,2061,624
WOLSONG-4,PHWR,0.0071,7.69,5.94,4560,0.1615,21,10.5,310,2061,589
LAGUNA VERDE-1,BWR,0.0381,3.62,3.81,444,16.06,109,7.2,278,2317,805
LAGUNA VERDE-2,BWR,0.0388,3.62,3.81,444,16.06,109,7.2,278,2317,803
BORSSELE,PWR,0.044,2.676,2.65,121,20.26,28,15.8,313,1366,515
CHASNUPP-1,PWR,0.034,2.486,2.9,121,13.59,37,15.2,315.5,999,325
CHASNUPP-2,PWR,0.034,2.486,2.9,121,13.59,37,15.2,315.5,999,325
CHASNUPP-3,PWR,0.034,2.486,2.9,121,13.59,37,15.2,315.5,999,325
CHASNUPP-4,PWR,0.034,2.486,2.9,121,13.59,37,15.2,315.5,999,325
KANUPP-2,PWR,NA,NA,NA,NA,NA,NA,NA,NA,NA,NA
KANUPP-3,PWR,NA,NA,NA,NA,NA,NA,NA,NA,NA,NA
CERNAVODA-1,PHWR,0.0071,6.123,5.94,4560,42.9,65,9.99,310,2180,706
CERNAVODA-2,PHWR,0.0071,6.123,5.94,4560,42.9,65,9.99,310,2180,706
AKADEMIK LOMONOSOV-1,PWR,0.141,1.22,1.2,121,14,11,12.7,316,150,35
AKADEMIK LOMONOSOV-2,PWR,0.141,1.22,1.2,121,14,11,12.7,316,150,35
BALAKOVO-1,PWR,NA,3.16,3.53,163,17.6,61,16,322,3000,1000
BALAKOVO-2,PWR,NA,3.16,3.53,163,17.6,61,16,322,3000,1000
BALAKOVO-3,PWR,NA,3.16,3.53,163,17.6,61,16,322,3000,1000
BALAKOVO-4,PWR,NA,3.16,3.53,163,17.6,61,16,322,3200,1000
BELOYARSK-3,FBR,NA,2.05,1.03,369,38,19,8.8,550,1470,600
BELOYARSK-4,FBR,NA,2.56,0.88,565,38,16,1.65,547,2100,885
BILIBINO-2,LWGR,NA,4.1,3,273,27,NA,6,280,62,12
BILIBINO-3,LWGR,NA,4.1,3,273,27,NA,6,280,62,12
BILIBINO-4,LWGR,NA,4.1,3,273,27,NA,6,280,62,12
KALININ-1,PWR,NA,3.16,3.53,163,17.6,61,16,322,3000,1000
KALININ-2,PWR,NA,3.16,3.53,163,17.6,61,16,322,3000,1000
KALININ-3,PWR,NA,3.16,3.53,163,17.6,61,16,322,3200,1000
KALININ-4,PWR,NA,3.16,3.53,163,17.6,61,1.05,322,3200,1000
KOLA-1,PWR,NA,2.88,2.5,349,13.1,37,12.5,300,1375,440
KOLA-2,PWR,NA,2.88,2.5,349,13.1,37,12.5,300,1375,440
KOLA-3,PWR,NA,2.88,2.5,349,13.1,37,12.5,300,1375,440
KOLA-4,PWR,NA,2.88,2.5,349,13.1,37,12.5,300,1375,440
KURSK-2,LWGR,NA,11.8,7,1693,11.2,150,7,284,3200,1000
KURSK-3,LWGR,NA,11.8,7,1661,16,170,7,284,3200,1000
KURSK-4,LWGR,NA,11.8,7,1661,16,167,7,284,3200,1000
LENINGRAD 2-1,PWR,NA,NA,NA,NA,NA,NA,NA,NA,3200,1188
LENINGRAD 2-2,PWR,NA,NA,NA,NA,NA,NA,NA,NA,3200,1188
LENINGRAD-3,LWGR,NA,11.8,7,1661,14.5,211,7,284,3200,1000
LENINGRAD-4,LWGR,NA,11.8,7,1661,14.5,211,7,284,3200,1000
NOVOVORONEZH 2-1,PWR,NA,NA,NA,NA,NA,NA,NA,NA,3200,1180
NOVOVORONEZH 2-2,PWR,NA,NA,NA,NA,NA,NA,NA,NA,3200,1181
NOVOVORONEZH 4,PWR,NA,2.88,2.5,349,13.1,73,12.5,295.8,1375,417
NOVOVORONEZH 5,PWR,NA,3.16,3.53,163,17.6,109,16,324,3000,1000
ROSTOV-1,PWR,NA,3.16,3.53,163,17.6,61,16,322,3200,1041
ROSTOV-2,PWR,NA,3.16,3.53,163,17.6,61,0.7,322,3200,1000
ROSTOV-3,PWR,NA,NA,NA,NA,NA,NA,NA,NA,3000,1000
ROSTOV-4,PWR,NA,NA,NA,NA,NA,NA,NA,NA,3000,1030
SMOLENSK-1,LWGR,NA,11.8,7,1661,14.5,175,7,284,3200,1000
SMOLENSK-2,LWGR,NA,11.8,7,1661,14.5,175,7,284,3200,1000
SMOLENSK-3,LWGR,NA,11.8,7,1661,14.5,175,7,284,3200,1000
BOHUNICE-3,PWR,0.0425,2.88,2.5,349,13.49,37,12.3,297,1471,500
BOHUNICE-4,PWR,0.0425,2.88,2.5,349,13.49,37,12.3,297,1471,500
MOCHOVCE-1,PWR,0.04415,2.88,2.5,349,13.49,37,12,295,1471,500
MOCHOVCE-2,PWR,0.04415,2.88,2.5,349,13.49,37,12,295,1471,500
MOCHOVCE-3,PWR,0.04415,2.88,2.5,349,NA,NA,12.23,267.8,1375,471
KRSKO,PWR,0.048,2.46,3.66,121,17.62,33,15.5,325.2,1994,727
KOEBERG-1,PWR,0.039,3.04,3.66,157,17.6,32,15.5,314.9,2775,970
KOEBERG-2,PWR,0.039,3.04,3.66,157,17.6,32,15.5,314.9,2775,970
ALMARAZ-1,PWR,0.046,3.04,3.65,157,17.3,48,15.8,325,2947,1049
ALMARAZ-2,PWR,0.046,3.04,3.65,157,17.3,48,15.8,325,2947,1044
ASCO-1,PWR,0.045,3.04,3.65,157,18.92,48,15.72,326.7,2941,1033
ASCO-2,PWR,0.045,3.04,3.65,157,18.92,48,15.72,327,2941,1027
COFRENTES,PWR,0.04,4.29,3.81,624,20.03,145,7.26,288,3237,1102
TRILLO-1,BWR,0.042,3.44,3.4,177,20.71,52,15.7,325.9,3010,1066
VANDELLOS-2,PWR,0.046,3.04,3.66,157,18.92,48,15.8,328.3,2941,1087
FORSMARK-1,BWR,0.036,4.51,3.68,676,16,161,7,286,3075,1078
FORSMARK-2,BWR,0.036,4.51,3.68,676,16,161,7,286,3253,1160
FORSMARK-3,BWR,0.036,4.51,3.68,676,16,161,7,286,3300,1208
OSKARSHAMN-3,BWR,0.03,4.6,3.68,700,14,169,7,288,3900,1450
RINGHALS-3,PWR,0.045,3.04,3.66,157,18.3,24,15.51,322,3135,1128
RINGHALS-4,PWR,0.045,3.04,3.66,157,18.3,24,15.51,322,3135,1128
BEZNAU-1,PWR,0.0468,2.45,3.05,121,16.7,17,15.3,313,1130,380
BEZNAU-2,PWR,0.0468,2.45,3.05,121,16.7,25,15.5,313,1130,380
GOESGEN,PWR,NA,3.24,3.58,177,22.6,36,15.3,324.5,3002,1060
LEIBSTADT,BWR,NA,4.38,3.81,648,13.3,211,7.31,286,3600,1275
KUOSHENG-2,BWR,NA,4.18,3.81,624,17.6,145,7.32,284,2894,985
MAANSHAN-1,PWR,0.045,3.04,3.66,157,17.75,28,15.7,328.7,2822,951
MAANSHAN-2,PWR,0.045,3.04,3.66,157,17.75,28,15.7,326,2822,951
BARAKAH-1,PWR,0.0266,3.647,3.81,241,47.572,81,15.513,323.9,3983,1417
BARAKAH-2,PWR,0.0266,3.647,3.81,241,47.572,81,15.513,323.9,3983,1417
BARAKAH-3,PWR,NA,NA,NA,NA,NA,NA,NA,NA,3983,1417
HARTLEPOOL A-1,GCR,NA,9.37,8.3,2592,16.8,44,4.14,650,1500,655
HARTLEPOOL A-2,GCR,NA,9.37,8.3,2592,16.8,44,4.14,650,1500,655
HEYSHAM B-1,GCR,NA,9.46,8.31,332,16.8,89,4.3,635,1550,680
HEYSHAM B-2,GCR,NA,9.46,8.31,332,16.8,89,4.3,635,1550,680
SIZEWELL B,PWR,NA,3.37,3.66,193,17.8,53,15.01,323.4,3425,1250
TORNESS-1,GCR,NA,9.46,8.31,332,16.8,89,4.3,635,1623,682
TORNESS-2,GCR,NA,9.46,8.31,332,16.8,89,4.3,635,1623,682
KHMELNITSKI-1,PWR,NA,3.16,3.53,163,17.6,61,16,322,3000,1000
KHMELNITSKI-2,PWR,NA,3.16,3.53,163,17.6,61,16,322,3000,1000
RIVNE-1,PWR,NA,2.88,2.5,313,13.1,37,12.3,296,1375,415
RIVNE-2,PWR,NA,2.88,2.5,349,13.1,37,12.3,296,1375,415
RIVNE-3,PWR,NA,3.16,3.53,163,17.6,61,15.7,320,3000,1000
RIVNE-4,PWR,NA,3.16,3.53,163,17.6,61,15.7,320,3000,1000
SOUTH UKRAINE-1,PWR,NA,3.16,3.53,163,17.6,61,16,322,3000,1000
SOUTH UKRAINE-2,PWR,NA,3.16,3.53,163,17.6,61,16,322,3000,1000
SOUTH UKRAINE-3,PWR,NA,3.16,3.53,163,17.6,61,16,322,3000,1000
ZAPOROZHYE-1,PWR,NA,3.16,3.53,163,17.6,61,16,322,3000,1000
ZAPOROZHYE-2,PWR,NA,3.16,3.53,163,17.6,61,16,322,3000,1000
ZAPOROZHYE-3,PWR,NA,3.16,3.53,163,17.6,61,16,322,3000,1000
ZAPOROZHYE-4,PWR,NA,3.16,3.53,163,17.6,61,16,322,3000,1000
ZAPOROZHYE-5,PWR,NA,3.16,3.53,163,17.6,61,16,322,3000,1000
ZAPOROZHYE-6,PWR,NA,3.16,3.53,163,17.6,61,16,322,3000,1000
ANO-1,PWR,0.045,3.27,3.66,177,18,60,15.3,318,2568,903
ANO-2,PWR,NA,3.12,3.81,177,18,73,15.8,323,3026,1065
BEAVER VALLEY-1,PWR,0.045,3.05,3.66,157,17.06,48,15.82,322,2900,959
BEAVER VALLEY-2,PWR,0.045,3.05,3.66,157,17.06,48,15.82,322,2900,958
BRAIDWOOD-1,PWR,0.045,3.37,3.65,193,18.3,25,15.5,326,3645,1270
BRAIDWOOD-2,PWR,0.045,3.37,3.65,193,20.8,25,15.5,326,3645,1230
BROWNS FERRY-1,BWR,NA,4.8,3.81,154,18.25,185,7.2,285,3458,1256
BROWNS FERRY-2,BWR,NA,4.8,3.81,764,18.49,185,7.2,285,3458,1259
BROWNS FERRY-3,BWR,NA,4.8,3.81,149,17.5,185,7.2,285,3458,1260
BRUNSWICK-1,BWR,NA,4.1,3.81,560,18.42,137,7.07,285,2923,960
BRUNSWICK-2,BWR,NA,4.1,3.81,560,18.61,137,7.07,285,2923,960
BYRON-1,PWR,0.045,3.37,3.65,193,18.3,25,15.5,326,3645,1242
BYRON-2,PWR,0.045,3.37,3.65,193,18.3,25,15.5,326,3645,1210
CALLAWAY-1,PWR,0.045,3.37,3.65,193,19.13,53,15.8,329,3565,1275
CALVERT CLIFFS-1,PWR,0.045,3.45,3.47,217,20.62,37,15.8,314,2737,918
CALVERT CLIFFS-2,PWR,0.045,3.45,3.47,217,20.56,37,15.8,314,2737,911
CATAWBA-1,PWR,0.045,3.37,3.66,193,18.3,25,15.8,325,3411,1188
CATAWBA-2,PWR,0.045,3.4,3.66,193,18.3,53,15.8,326,3411,1188
CLINTON-1,BWR,NA,4.3,3.81,624,18.85,145,7.3,288.3,3473,1098
COLUMBIA,BWR,0.045,4.75,3.81,764,43,185,7.17,287,3486,1190
COMANCHE PEAK-1,PWR,0.045,3.37,3.66,193,17.81,NA,15.7,325,3612,1250
COMANCHE PEAK-2,PWR,0.045,3.37,3.66,193,17.81,NA,15.7,325,3612,1250
COOK-1,PWR,0.045,3.37,3.66,193,21.98,28,14.76,306,3304,1131
COOK-2,PWR,0.045,3.37,3.66,193,17.81,28,15.82,319,3468,1231
COOPER,BWR,0.045,4.03,3.81,548,43.6,137,7.28,285,2419,801
DAVIS BESSE-1,PWR,0.045,2.9,3.57,177,21.1,28,15.5,321,2817,925
DIABLO CANYON-1,PWR,0.045,3.37,3.66,193,17.5,53,15.83,320,3411,1197
DIABLO CANYON-2,PWR,0.045,3.37,3.66,193,17.5,53,15.83,320,3411,1197
DRESDEN-2,BWR,NA,4.55,3.6,724,NA,NA,7.1,286,2957,950
DRESDEN-3,BWR,NA,4.55,3.6,724,NA,89,7.1,286,2957,935
FARLEY-1,PWR,0.045,3.02,3.66,157,17.1,45,15.8,322,2775,918
FARLEY-2,PWR,0.045,3.02,3.66,157,17.1,45,15.8,322,2775,928
FERMI-2,BWR,NA,4.75,3.8,764,37.73,185,7.3,286,3486,1198
FITZPATRICK,BWR,NA,3.26,3.81,560,19,137,7.06,287,2536,849
GINNA,PWR,0.045,2.46,3.59,121,19.02,17,15.82,317,1775,608
GRAND GULF-1,BWR,NA,4.8,3.81,800,19.5,193,7.31,288,4408,1500
HARRIS-1,PWR,0.045,3.03,3.66,157,NA,52,15.7,326,2900,980
HATCH-1,BWR,NA,4.27,3.81,560,18.4,137,7.07,279,2804,911
HATCH-2,BWR,NA,4.27,3.81,560,18.4,137,7.07,279,2804,921
HOPE CREEK-1,BWR,NA,4.8,3.81,764,17.52,185,7.17,287,3840,1240
LASALLE-1,BWR,NA,4.88,3.81,764,44,185,7.1,286,3546,1207
LASALLE-2,BWR,NA,4.88,3.81,764,44,185,7.1,286,3546,1207
LIMERICK-1,BWR,NA,4.55,3.71,764,16.4,185,7.1,282,3515,1194
LIMERICK-2,BWR,NA,4.55,3.71,764,16.4,185,7.1,282,3515,1194
MCGUIRE-1,PWR,0.045,3.37,3.66,193,18.3,25,15.8,325,3411,1215
MCGUIRE-2,PWR,0.045,3.4,3.7,193,18.3,25,15.8,325,3411,1215
MILLSTONE-2,PWR,0.045,3.45,3.66,157,18.5,49,15.8,312.7,2700,918
MILLSTONE-3,PWR,0.045,3.4,3.66,580,18.2,24,15.9,327,3650,1280
MONTICELLO,BWR,NA,3.96,3.66,484,39,121,7.17,285,2004,691
NINE MILE POINT-1,BWR,NA,4,3.7,532,15.5,129,7.13,285,1850,642
NINE MILE POINT-2,BWR,NA,4.75,3.81,764,17.68,185,7.17,287,3988,1320
NORTH ANNA-1,PWR,0.045,3.04,3.66,157,18.59,32,15.8,327,2940,990
NORTH ANNA-2,PWR,0.045,3.04,3.66,157,18.59,32,15.8,327,2940,1011
OCONEE-1,PWR,0.045,3.27,3.66,177,19,28,15.5,318,2568,891
OCONEE-2,PWR,0.045,3.27,3.66,177,19.06,28,15.5,318,2568,891
OCONEE-3,PWR,0.045,3.27,3.66,177,19.06,28,15.5,318,2568,900
PALO VERDE-1,PWR,0.04,3.65,3.81,241,18.14,76,15.8,327,3990,1414
PALO VERDE-2,PWR,0.04,3.65,3.81,241,18.27,76,15.8,327,3990,1414
PALO VERDE-3,PWR,0.04,3.65,3.81,241,18.37,76,15.8,327,3990,1414
PEACH BOTTOM-2,BWR,NA,4.57,3.71,764,16.37,185,7.1,287,3951,1412
PEACH BOTTOM-3,BWR,NA,4.75,3.81,764,18.24,185,7.1,287,3951,1412
PERRY-1,BWR,NA,4.65,3.81,748,19.85,177,7.31,285.5,3758,1303
POINT BEACH-1,PWR,0.045,2.44,3.66,121,18.7,21,15.7,316,1800,640
POINT BEACH-2,PWR,0.045,2.44,3.66,121,18.7,21,15.7,316,1800,640
PRAIRIE ISLAND-1,PWR,0.045,2.45,3.66,121,20.3,21,15.8,315,1677,566
PRAIRIE ISLAND-2,PWR,0.045,2.45,3.66,121,20.3,21,15.8,315,1677,560
QUAD CITIES-1,BWR,NA,4.55,3.6,724,43.96,177,7.1,286,2957,940
QUAD CITIES-2,BWR,NA,4.55,3.6,724,43.96,177,7.1,286,2957,940
RIVER BEND-1,BWR,NA,4.29,3.81,624,18.86,145,7.56,288,3091,1016
ROBINSON-2,PWR,NA,3.04,3.66,157,43.96,45,15.71,318,2339,780
SALEM-1,PWR,0.045,3.4,3.66,193,17.85,29,15.8,322,3459,1254
SALEM-2,PWR,0.045,3.4,3.66,193,17.85,29,15.8,322,3459,1254
SEABROOK-1,PWR,0.045,3.37,3.66,193,17.18,57,15.7,326,3648,1296
SEQUOYAH-1,PWR,0.045,3.37,3.65,193,17.85,29,15.82,322.4,3455,1221
SEQUOYAH-2,PWR,0.045,3.37,3.65,193,17.85,29,15.82,322.4,3455,1200
SOUTH TEXAS-1,PWR,0.045,3.37,4.27,193,17.03,29,15.7,330,3853,1354
SOUTH TEXAS-2,PWR,0.045,3.37,4.27,193,17.03,29,15.7,330,3853,1354
ST. LUCIE-1,PWR,0.045,3.45,3.47,217,19.4,73,15.5,314,3020,1045
ST. LUCIE-2,PWR,0.045,3.45,3.47,217,14.5,91,15.8,314,3020,1050
SUMMER-1,PWR,0.0495,3.04,3.66,157,17.83,NA,15.8,327,2900,1006
SURRY-1,PWR,0.043,3.035,3.66,157,21.6,32,15.8,318,2587,890
SURRY-2,PWR,0.043,3.035,3.66,157,21.6,32,15.8,318,2587,890
SUSQUEHANNA-1,BWR,NA,4.57,3.81,764,14.32,185,7.19,287,3952,1330
SUSQUEHANNA-2,BWR,NA,4.57,3.81,764,14.32,185,7.19,287,3952,1330
TURKEY POINT-3,PWR,0.05,3.04,3.66,157,18,29,15.7,338,2644,829
TURKEY POINT-4,PWR,0.05,3.04,3.66,157,18,29,15.7,338,2644,829
VOGTLE-1,PWR,0.045,3.4,3.66,193,17.8,53,15.82,325,3626,1229
VOGTLE-2,PWR,0.045,3.4,3.66,193,17.8,53,15.82,325,3626,1229
VOGTLE-3,PWR,NA,NA,NA,NA,NA,NA,NA,NA,3400,1250
WATERFORD-3,PWR,0.045,3.45,3.81,217,17.52,41,15.8,322,3716,1250
WATTS BAR-1,PWR,0.043,3.37,3.65,193,17.88,33,15.71,326,3459,1210
WATTS BAR-2,PWR,0.043,3.37,3.65,193,17.88,33,15.71,326,3411,1218
WOLF CREEK,PWR,0.035,6.3,5.94,22,17.85,53,15.8,326,3565,1285
